Model,AUC,Accuracy,CV_AUC_Mean,CV_AUC_Std
Random Forest,0.6952266483516484,0.69,0.6895299928266149,0.05165988430464192
Gradient Boosting,0.69225863422292,0.6766666666666666,0.6882247664148253,0.027106803919889327
SVM,0.6379268053375197,0.68,0.4993593364141352,0.04581447765221852
Logistic Regression,0.5640698587127158,0.6533333333333333,0.5721280593177374,0.020982092058371586
